,name,bio,appointed_date,administration,department
0,Tracy Short,"Attorney General William Barr appointed Tracy Short as the Chief Immigration Judge in June 2020. Chief Judge Short received a Bachelor of Arts in 1990 from Texas Christian University and a Juris Doctor in 1995 from the Louisiana State University Law Center. Chief Judge Short began his legal career in 1995 as a judicial law clerk for Judge James M. Dozier, Jr., of the Third Judicial District Court of Louisiana. From 1997 to 1998, he served as a public defender, representing indigent criminal defendants in Louisiana state courts, while also practicing civil law. From 1998 to 1999, Chief Judge Short was an assistant attorney general for the Louisiana Department of Justice where he represented the State of Louisiana in civil litigation. From 1999 to 2000, he also served as a judicial law clerk for Justice Chet D. Traylor of the Louisiana Supreme Court. From 2000 to 2001, Chief Judge Short was a judicial law clerk for Judge Robert B. Maloney of the U.S. District Court for the Northern District of Texas. From 2001 to 2003, Chief Judge Short litigated removal cases on behalf of the Department of Justice as trial attorney with the former Immigration and Naturalization Service in Dallas. From 2003 to 2005, Chief Judge Short served as Assistant Chief Counsel in the Dallas office of U.S. Immigration and Customs Enforcement’s (ICE) Office of the Principal Legal Advisor (OPLA). In 2005, he was appointed as a Special Assistant U.S. Attorney (SAUSA) in the U.S. Attorney’s Office (USAO) for the Northern District of Texas, where he handled complex civil litigation involving ICE. In 2007, Chief Judge Short was appointed as a SAUSA in the USAO for the Eastern District of Texas, where he litigated criminal cases. From 2007 to 2009, he served as the Acting Deputy Chief Counsel and Senior Attorney in OPLA’s Dallas office. As a Senior Attorney, he litigated significant and complex immigration cases and served as the lead attorney for matters involving customs law and criminal investigations. From 2009 to 2015, he served as Deputy Chief Counsel in OPLA’s Atlanta office, where he managed litigation operations and client services in a multi-state field office. From 2015 to 2017, Chief Judge Short served as Counsel to the U.S. House of Representatives, Committee on the Judiciary’s Subcommittee on Immigration and Border Security. From January 2017 to June 2020, he served as the ICE Principal Legal Advisor and, later, as a Senior Advisor to the ICE Acting Director. He is a member of the Louisiana State Bar Association and the State Bar of Texas.","[6, '2020']",Donald Trump,The Office of the Chief Immigration Judge (OCIJ)
1,Mary Cheng,"Mary Cheng was appointed as Principal Deputy Chief Immigration Judge (acting) in August 2020. Judge Cheng received a Bachelor of Arts in 1993 from New York University and a Juris Doctor in 1997 from New York Law School. From March 2017 to August 2020, she served as a Deputy Chief Immigration Judge. From November 2015 to March 2017, she served as an Assistant Chief Immigration Judge, in New York. From April 2009 to March 2015, she served as an Immigration Judge at the New York City Immigration Court. From March 2003 to April 2009, she served as an assistant chief counsel for Immigration and Customs Enforcement, Department of Homeland Security, in New York. From June 2002 to March 2003, she worked as an assistant district counsel for the former Immigration and Naturalization Service (INS), in New York. From August 2000 to May 2002, she was in private practice, in New York. From June 2001 to June 2002, she served as an administrative law judge for the New York City Department of Finance. From September 1998 to July 2000, she worked as an assistant district counsel for the former INS, in New York. From September 1997 to September 1998, she worked as a judicial law clerk at the New York City Immigration Court, entering on duty through the Attorney General’s Honors Program. Judge Cheng is a member of the New York State Bar.","[8, '2020']",Donald Trump,The Office of the Chief Immigration Judge (OCIJ)
2,Sheila McNulty,"Sheila McNulty was appointed as a Deputy Chief Immigration Judge (acting) in January 2020. Judge McNulty received a Bachelor of Arts in 1984 from Miami University of Ohio and a Juris Doctor in 1991 from New England School of Law. From November 2010 to November of 2015, she served as an Immigration Judge at the Chicago Immigration Court. From 2000 to 2010, Judge McNulty served as a special assistant U.S. attorney for the Northern District of Illinois, in Chicago. From 1991 to 2000, she served as a trial attorney for the former Immigration and Naturalization Service, entering on duty through the Attorney General’s Honors Program. From 1985 until 1991, Judge McNulty worked as a community activist and organizer in Cambridge, Massachuettes. Judge McNulty is a member of the Illinois Bar.","[1, '2020']",Donald Trump,The Office of the Chief Immigration Judge (OCIJ)
3,E. Mark Barcus,"E. Mark Barcus was appointed as an Assistant Chief Immigration Judge, based in Fort Worth, in October 2020. Judge Barcus earned a Bachelor of Arts in 1984 from Austin College and a Juris Doctor in 1988 from the University of Texas School of Law. From 2017 to 2020, he served as an Immigration Judge at the Dallas and Imperial immigration courts. From 2016 to 2017, he served as interim executive director of Iron Gate in Tulsa, Oklahoma. From 2015 to 2016, he was a conflict consultant for Concord Consultants Inc. From 2012 to 2015, he was a district judge for the Tulsa County District Court. From 2003 to 2012, he was a special judge for the State of Oklahoma, Tulsa County District Court. From 2000 to 2003, he served as the first family court referee for Tulsa County. Judge Barcus is a member of the Oklahoma State Bar.","[10, '2020']",Donald Trump,The Office of the Chief Immigration Judge (OCIJ)
4,Rico J. Bartolomei,"Rico J. Bartolomei was appointed as an Assistant Chief Immigration Judge, based in San Diego, in April 2012, and previously from October 2006 to January 2009. Judge Bartolomei received a Bachelor of Arts in 1983 from the University of Notre Dame and a Juris Doctor in 1986 from Georgetown University Law Center. From January 2009 to April 2012, and from September 1994 to October 2006, Judge Bartolomei served as an Immigration Judge at the San Diego Immigration Court. From 1991 to 1994, he served as a staff attorney for the Board of Immigration Appeals, Executive Office for Immigration Review. From 1987 to 1991, he worked as an attorney with the U.S. Army Judge Advocate General’s Corps. Judge Bartolomei is a member of the District of Columbia and Massachusetts Bars.","[4, '2012']",Barack Obama,The Office of the Chief Immigration Judge (OCIJ)
5,Brandon M. Bolling,"Attorney General William P. Barr appointed Brandon M. Bolling as an Assistant Chief Immigration Judge in June 2020. Judge Bolling earned a Bachelor of Arts in 1995 from Michigan State University, a Juris Doctor in 1999 from the University of Detroit Mercy School of Law, and a Master of Science in 2018 from the National War College. From 2017 to 2020, he served as senior trial counsel and director of litigation services at a not for profit law firm, in Ann Arbor, Michigan. From 2012 to 2017, he served as an assistant U.S. attorney at the U.S. Attorney’s Office for the Eastern District of Michigan, in Detroit. From 2011 to 2012, he served as an assistant U.S. attorney at the U.S. Attorney’s Office for the District of Arizona, in Tucson. From 1996 to present, he has served as a judge advocate in the U.S. Marine Corps, including two overseas deployments in support of Operation Enduring Freedom. As a Marine, he has served as a trial and appellate prosecutor, defense counsel, evidence instructor, military judge, operational planner, and in several supervisory litigation positions. Judge Bolling is a member of the State Bar of Michigan.","[6, '2020']",Donald Trump,The Office of the Chief Immigration Judge (OCIJ)
6,Jefferson B. Brown,"Attorney General William P. Barr appointed Jefferson B. Brown as an Assistant Chief Immigration Judge in October 2020. Judge Brown earned a Bachelor of Science in 1990 from Florida State University, a Juris Doctor in 1993 from Vanderbilt Law School, and a Master of Military Operational Art and Science in 2006 from Air University, Maxwell Air Force Base, Alabama. In 2020, he retired as a colonel from the U.S. Air Force. From 1994 to 2020, he served as a chief circuit trial judge, deputy circuit trial judge, appellate judge, trial judge, staff judge advocate, deputy staff judge advocate, appellate defense counsel, trial defense counsel, and prosecutor in the following locations: Randolph Air Force Base, San Antonio, Texas; Joint Base Andrews, Maryland; Robins Air Force Base, Warner Robins, Georgia; Royal Air Force, Lakenheath, England; Osan Air Base, Republic of Korea; Incirlik Air Base, Turkey; Kirkuk Regional Air Base, Iraq; Luke Air Force Base, Glendale, Arizona; Bolling Air Force Base, District of Columbia; Keesler Air Force Base, Biloxi, Mississippi; and Reese Air Force Base, Lubbock, Texas. Judge Brown is a member of the Alabama State Bar.","[10, '2020']",Donald Trump,The Office of the Chief Immigration Judge (OCIJ)
7,David Cheng ,"David Cheng was appointed as an Assistant Chief Immigration Judge, based in Newark, in April 2020. Judge Cheng earned a Bachelor of Arts in 1992 from the State University of New York at Albany and a Juris Doctor in 1997 from St. John’s University School of Law. From 2017 to 2020, he served as an Immigration Judge at the Newark Immigration Court. From 2007 to 2017, he served as a senior attorney, Office of Chief Counsel (OCC), Immigration and Customs Enforcement (ICE), Department of Homeland Security (DHS), in Newark, New Jersey. From 2002 to 2007, he served as an assistant chief counsel, OCC, ICE, DHS, in Newark. From 2000 to 2002, he served as an administrative law judge for the New York City Department of Finance. From 1997 to 2000, he was a general partner at Cheng and Cheng, PC, in New York, New York. Judge Cheng is a member of the New York State Bar.","[4, '2020']",Donald Trump,The Office of the Chief Immigration Judge (OCIJ)
8,Grady A. Crooks,"Grady A. Crooks was appointed as an Assistant Chief Immigration Judge, based in LaSalle, in August 2019. Judge Crooks earned a Bachelor of Science in 1996 from North Dakota State University, a Master of Arts in 1999 from The George Washington University, and a Juris Doctor in 2004 from the Rutgers University School of Law. From October 2018 to August 2019, he served as an Immigration Judge at the LaSalle Immigration Court. In 2017, he served as an assistant U.S. attorney at the U.S. Attorney’s Office for the Western District of Louisiana in Shreveport, Louisiana. From 2005 to 2016, he was an attorney for the U.S. Air Force in the following locations: Barksdale Air Force Base, Louisiana; Guantánamo Bay, Cuba; Hurlburt Field, Florida; International Security Assistance Force in Kabul, Afghanistan; Baghdad, Iraq; Tyndall Air Force Base, Florida; and Offutt Air Force Base, Nebraska. Judge Crooks is a member of the District of Columbia Bar.","[8, '2019']",Donald Trump,The Office of the Chief Immigration Judge (OCIJ)
9,Daniel J. Daugherty,"Daniel J. Daughtery was appointed as an Assistant Chief Immigration Judge, based in Las Vegas, in November 2017. Judge Daugherty received a Bachelor of Science in 1984 from Defiance College, a Juris Doctor in 1987 from the University of Toledo, and a Masters in National Security in 2006 from the U.S. Navy War College. From 2015 to 2017, he served as an Immigration Judge at the Las Vegas Immigration Court. In 2015, he honorably retired as the Chief Judge for the Navy-Marine Corps Trial Judiciary, after serving more than 25 years on active duty in the U.S. Marine Corps. From 2011 to 2014, he served as the Chief Trial Judge for the Department of the Navy. From 2008 to 2011, and 2002 to 2005, he served as a military judge. From 1994 to 1997, he served as the Assistant Prosecuting Attorney for Delaware County, Ohio. From 1989 to 1994, he served intermittently as a defense attorney and prosecutor. Judge Daugherty received the William K. Suter award for Distinguished Judicial Service from the Judge Advocates Foundation, and he also earned the Legion of Merit. Judge Daugherty is a member of the Ohio State Bar.","[11, '2017']",Donald Trump,The Office of the Chief Immigration Judge (OCIJ)
10,Eric L. Dillow,"Eric L. Dillow was appointed as an Assistant Chief Immigration Judge, based in Harlingen, in March 2019. Judge Dillow earned a Bachelor of Arts in 1986 from the University of Illinois, a Juris Doctor in 1990 from the University of Nebraska College of Law, and a Master of Urban Planning in 1992 from the University of Illinois. From 2012 to 2018, he served as a veteran advocate and veteran’s treatment court mentor trainer for the Douglas County Veterans Treatment Court, Omaha, Nebraska, and the Lancaster County Veterans Treatment Court, Lincoln, Nebraska. In 2012, he retired as a colonel and judge advocate from the U.S. Air Force. From 1990 to 2012, he served as a judge advocate for the U.S. Air Force in the following locations: Minot Air Force Base, North Dakota; Travis Air Force Base, California; Offutt Air Force Base, Nebraska; Ahmad al-Jaber Air Base, Kuwait; HQ, AIRSOUTH, Naples, Italy; Fairchild Air Force Base, Washington; Yokota Air Base, Japan; Task Force 134, Baghdad, Iraq; Bolling Air Force Base, Washington, D.C.; Kabul, Afghanistan; and Kirtland Air Force Base, New Mexico. Judge Dillow is a member of the Nebraska State Bar.","[3, '2019']",Donald Trump,The Office of the Chief Immigration Judge (OCIJ)
11,John R. Doolittle II,"John R. Doolittle II was appointed as an Assistant Chief Immigration Judge, based in Houston, in October 2018. Judge Doolittle earned a Bachelor of Science in 1989 from the University of Tampa, a Juris Doctor in 1994 from the Washburn University School of Law, and a Master of Science in 2014 from the U.S. Army War College. He retired as a colonel and judge advocate from the U.S. Army. From 2004 to 2017, he was judge advocate for the U.S. Army in the following locations: Fort Knox, Kentucky; Naval Air Station Pensacola, Florida; Parwan, Afghanistan; Fort Gillem, Georgia; and Fort McPherson, Georgia. From 2000 to 2004, he was a trial attorney/assistant chief counsel with Immigration and Customs Enforcement, Department of Homeland Security, in Atlanta. From 1998 to 2000, he was a trial attorney/assistant district counsel with the former Immigration and Naturalization Service, Department of Justice, in Harlingen, Texas. From 1994 to 1998, he was an active duty judge advocate with the U.S. Army at Fort Benning and Fort McPherson, Georgia. Judge Doolittle is a member of the State Bar of Georgia.","[10, '2018']",Donald Trump,The Office of the Chief Immigration Judge (OCIJ)
12,Irene C. Feldman,"Irene C. Feldman was appointed as an Assistant Chief Immigration Judge, based in Tucson, in November 2015. Judge Feldman received a Bachelor of Arts in 1983 from Mount Holyoke College, a Juris Doctor in 1988 from Benjamin N. Cardozo School of Law, and a Master of Science in 1995 from Boston University, Ben Gurion University of the Negev in Israel. From 2008 to 2015, Judge Feldman served as an Immigration Judge at the Eloy Immigration Court. From 2001 to 2008, Judge Feldman served as an assistant U.S. attorney in Arizona and in Puerto Rico . From 1996 to 2001, Judge Feldman worked as an assistant district counsel, Office of the District Counsel, for the former Immigration and Naturalization Service, in New Jersey and New York. From 1989 to 1994, Judge Feldman served as an assistant prosecutor in the Office of the County Prosecutor, Bergen County, N.J. Judge Feldman is a member of the State Bar of Arizona and the New Jersey State Bar.","[11, '2015']",Barack Obama,The Office of the Chief Immigration Judge (OCIJ)
13,Melissa Joy Garcia,"Melissa Joy Garcia was appointed as an Assistant Chief Immigration Judge, based in Harlingen, in October 2020. Judge Garcia earned a Bachelor of Arts in 1995 from the University of Texas at San Antonio and a Juris Doctorate in 2001 from St. Mary’s University School of Law. From 2018 to 2020, she served as an Immigration Judge at the Harlingen Immigration Court. From 2015 to 2018, she served as an associate district court judge in Laredo, Webb County, Texas. In 2014, she was appointed to serve as justice of the peace, Precinct 2, Place 2, for Webb County, Texas. From 2008 to 2014, she served as an assistant public defender in Webb County. In 2008, she served as an assistant city attorney for Laredo, Texas. From 2004 to 2008, she was in private practice. From 2001 to 2004, she served as a federal public defender for the Laredo Division, Southern District of Texas. Judge Garcia is a member of the State Bar of Texas.","[10, '2020']",Donald Trump,The Office of the Chief Immigration Judge (OCIJ)
14,Colleen M. Glaser-Allen,"Attorney General William P. Barr appointed Colleen M. Glaser-Allen as an Assistant Chief Immigration Judge in October 2020. Judge Glaser-Allen earned a Bachelor of Arts in 1992 from the University of Illinois at Urbana-Champaign, a Juris Doctor in 1995 from the University of Illinois College of Law at Urbana-Champaign, and a Master of Laws in 2007 from the George Washington University Law School. From 2018 to 2020, she served as the chief trial judge of the Navy-Marine Corps Trial Judiciary. From 2016 to 2018, she served at the Navy-Marine Corps Court of Criminal Appeals, including from 2017 to 2018 as the chief appellate judge. From 1995 to 2020, she served as an active duty judge advocate in the U.S. Navy in the following locations: Naval Station Norfolk, Virginia; Naval Station Rota, Spain; Naval Station Bremerton, Washington; USS Carl Vinson (CVN 70); the Law and Order Task Force, Rusafa, Iraq; Naval Station Yokosuka, Japan; and Washington Navy Yard, District of Columbia. Judge Glaser-Allen is a member of the Illinois State Bar.","[10, '2020']",Donald Trump,The Office of the Chief Immigration Judge (OCIJ)
15,William E. Hanrahan,"William E. Hanrahan was appointed as an Assistant Chief Immigration Judge, based in San Francisco, in March 2020. Judge Hanrahan earned a Bachelor of Science in 1982 from the University of Wisconsin-Green Bay and a Juris Doctor in 1988 from Hamline University School of Law. From 2018 to 2020, he served as chief judge of the Fifth Judicial District of Wisconsin. From 2016 to 2018, he served as a Wisconsin deputy chief judge, and from 2007 to 2016, he served as a circuit court judge. From 1998 to 2007, he served as an assistant attorney general for the Wisconsin Department of Justice. From 1988 to 1998, he served as an assistant district attorney, in Milwaukee County. Judge Hanrahan is a member of the State Bar of Wisconsin.","[3, '2020']",Donald Trump,The Office of the Chief Immigration Judge (OCIJ)
16,Renae M. Hansell,"Renae M. Hansell was appointed as an Assistant Chief Immigration Judge, based in Memphis, in April 2020. Judge Hansell earned a Bachelor of Science in 2000 from Armstrong Atlantic State University and a Juris Doctor in 2003 from Georgia State University College of Law. From 2018 to 2020, she served as an Immigration Judge at the Memphis Immigration Court. From 2003 to 2018, she served as a law clerk, senior attorney, assistant chief counsel, and deputy chief counsel with the Office of the Chief Counsel, Immigration and Customs Enforcement, Department of Homeland Security, in Atlanta and Memphis, Tennessee. Judge Hansell is a member of the State Bar of Georgia.","[4, '2020']",Donald Trump,The Office of the Chief Immigration Judge (OCIJ)
17,Jonathan W. Hitesman,"Attorney General William P. Barr appointed Jonathan W. Hitesman as an Assistant Chief Immigration Judge in June 2020. Judge Hitesman earned a Bachelor of Science in 1990 from Norwich University, a Juris Doctor in 1997 from the University of Hawaii, and a Master of Laws in 2004 from the Georgetown University Law Center. From 1990 to 2020, he served on active duty with the U.S. Marine Corps, first as an infantry officer and later as a judge advocate. In 2020, he retired as a senior appellate military judge with the Navy-Marine Corps Court of Criminal Appeals. Judge Hitesman is a member of the Hawaii State Bar and the Minnesota State Bar.","[6, '2020']",Donald Trump,The Office of the Chief Immigration Judge (OCIJ)
18,Theresa Holmes-Simmons,"Theresa Holmes-Simmons was appointed as an Assistant Chief Immigration Judge, based in Charlotte, in August 2019. Judge Holmes-Simmons received a Bachelor of Arts in 1985 from Brooklyn College, City University of New York, and a Juris Doctorate in 1988 from Rutgers University School of Law. From October 2008 to August 2019, she served as an Immigration Judge at the Charlotte Immigration Court. From 1998 to October 2008, Judge Holmes-Simmons served as an Immigration Judge at the New York City Immigration Court. From 1996 to 1998, she served as an assistant district counsel for the former Immigration and Naturalization Service (INS), in New York. From 1994 to 1996, Judge Holmes-Simmons worked as a special prosecutor and assistant attorney general, New York State Attorney General’s Office. From 1988 to 1994, she served as an assistant district attorney with the New York County District Attorney’s Office. Judge Holmes-Simons is a member of the New Jersey State and New York Bars.","[8, '2019']",Donald Trump,The Office of the Chief Immigration Judge (OCIJ)
19,Amy C. Hoogasian,"Amy C. HoogasianAssistant Chief Immigration Judge
Amy C. Hoogasian was appointed as an Assistant Chief Immigration Judge, overseeing immigration courts in Florence and Phoenix, in November 2015. Judge Hoogasian received a Bachelor of Arts in 1990 from the University of Wisconsin-Madison and a Juris Doctor in 1994 from John Marshall Law School. From October 2010 to November 2015, Judge Hoogasian served as an Immigration Judge at the San Francisco Immigration Court. From 2009 to 2010, she served as chief legal counsel at SAGIN LLC. From 2005 through 2009, Judge Hoogasian served as senior corporation counsel at ULINE Inc. From 1999 to 2005, she served as an assistant chief counsel for the Immigration and Customs Enforcement, Department of Homeland Security, in Chicago. From 1995 to 1999, Judge Hoogasian served as attorney to the chairman at the Illinois Pollution Control Board. In 1995, she served as an assistant state’s attorney at the Lake County State’s Attorney’s Office, in Waukegan, Ill. Judge Hoogasian is a member of the Illinois State Bar.","[11, '2015']",Barack Obama,The Office of the Chief Immigration Judge (OCIJ)
20,David M. Jones,"David M. JonesAssistant Chief Immigration Judge
David M. Jones was appointed as an Assistant Chief Immigration Judge, based in Baltimore, in March 2019. Judge Jones received a Bachelor of Arts in 1988 and a Juris Doctor in 1992 both from Brigham Young University. He also received a Masters of Law in Military Law (criminal) in 2003 from The Judge Advocate General’s School of the U.S. Army. Prior to his appointment, Judge Jones served 26 years on active duty as a judge advocate in the U.S. Marine Corps, where he spent almost his entire career litigating and adjudicating criminal cases. Upon his retirement, Judge Jones was serving as an appellate judge on the Navy-Marine Corps Court of Criminal Appeals. Prior to that, he served 11 years as a criminal trial judge, and an additional 11 years in a variety of prosecution and defense billets. Judge Jones is a member of the Utah State Bar.","[3, '2019']",Donald Trump,The Office of the Chief Immigration Judge (OCIJ)
21,Matthew W. Kaufman,"Matthew W. KaufmanAssistant Chief Immigration Judge
Matthew W. Kaufman was appointed as an Assistant Chief Immigration Judge, based in Denver, in February 2019. Judge Kaufman received a Bachelor of Arts in 1998 from the University of Arizona and a Juris Doctor in 2002 from Arizona State University College of Law. From September 2006 to May 2015, Judge Kaufman served as assistant chief counsel, Immigration and Customs Enforcement, Department of Homeland Security (DHS), in Tucson, Ariz. From 2004 to 2006, he served as an attorney, Customs and Border Protection, DHS, in Tucson, Ariz. From 2003 to 2004, Judge Kaufman served as assistant attorney general for the Washington State Office of the Attorney General, in Yakima, Washington. From 2002 to 2003, he worked as an attorney for Cetrus Consulting Group, in Seattle. Judge Kaufman is a member of the State Bars of Arizona and California, and the Washington State Bar.","[2, '2019']",Donald Trump,The Office of the Chief Immigration Judge (OCIJ)
22,Daniel P. Kinnicutt,"Daniel P. Kinnicutt was appointed as an Assistant Chief Immigration Judge, based in Conroe, in April 2020. Judge Kinnicutt earned a Bachelor of Science in 1989 from Pepperdine University and a Juris Doctor in 1994 from Seattle University School of Law. From 2018 to 2020, he served as an Immigration Judge at the Louisville Immigration Court. From 2005 to 2018, he served as an assistant U.S. attorney with the U.S. Attorney’s Office for the Western District of Kentucky, Department of Justice (DOJ), in Louisville, Kentucky. From 2003 to 2005, he served as the chief assistant U.S. attorney with the U.S. Attorney’s Office for the Western District of Texas, DOJ, in Del Rio, Texas. In 2003, he served as an assistant U.S. attorney with the U.S. Attorney’s Office for the District of Arizona, DOJ, in Tucson, Arizona. From 1999 to 2003, he served as an assistant U.S. attorney with the U.S. Attorney’s Office for the Western District of Texas, DOJ, in Del Rio. From 1994 to 1999, he served as a deputy prosecuting attorney for the Pierce County Prosecuting Attorney’s Office, in Tacoma, Washington. Judge Kinnicutt is a member of the Washington State Bar.","[4, '2020']",Donald Trump,The Office of the Chief Immigration Judge (OCIJ)
23,Charles P. Koutras,"Attorney General William P. Barr appointed Charles P. Koutras as an Assistant Chief Immigration Judge in October 2020. Judge Koutras earned a Bachelor of Arts in 1994 from Southwestern University and a Juris Doctor and a Master of Arts in 1997 from St. Mary’s University. From 2006 to 2020, he served as an attorney for U.S. Army South at Fort Sam Houston, Texas. From 1997 to present, he has served in active duty and reserve capacities as a judge advocate in the U.S. Navy in the following locations: Navy Region Southwest, San Diego, California; Navy Reserve Forces Command, Norfolk, Virginia; U.S. Pacific Fleet, Pearl Harbor, Hawaii; Naval Station Bremerton, Washington; Naval Air Station Jacksonville, Florida; U.S. Southern Command, Miami; Naval Support Activity Naples, Italy; Naval Support Activity La Maddalena, Italy; and Naval Air Station Pensacola, Florida. From 2002 to 2004, he served as an assistant city attorney for the city of San Antonio. Judge Koutras is a member of the State Bar of Texas.","[10, '2020']",Donald Trump,The Office of the Chief Immigration Judge (OCIJ)
24,Joy Lampley-Fortson,"Joy Lampley-FortsonAssistant Chief Immigration Judge
Joy Lampley-Fortson was appointed as an Assistant Chief Immigration Judge, based in New Orleans in March 2019. Judge Lampley-Fortson earned a Bachelor of Science in 1992 from the University of Florida and a Juris Doctor in 1996 from the University of Florida College of Law. From 2017 to 2019, she served as the executive director of the Georgia Commission on Equal Opportunity by appointment of the governor. From 2007 to 2017, she served as a trial attorney/assistant chief counsel with Immigration and Customs Enforcement, Department of Homeland Security, in Atlanta. From 2001 to 2007, she served as an assistant U.S. attorney with the U.S. Attorney’s Office for the Northern District of Georgia, Department of Justice. From 1997 to 2001, she served as an assistant solicitor with the Office of the City Solicitor in Atlanta. Judge Lampley-Fortson is a member of the State Bar of Georgia.","[3, '2019']",Donald Trump,The Office of the Chief Immigration Judge (OCIJ)
25,Scott D. Laurent,"Scott D. LaurentAssistant Chief Immigration Judge
Scott D. Laurent was appointed as an Assistant Chief Immigration Judge, based in Los Angeles, in November 2017. Judge Laurent received a Bachelor of Arts in 1986 and a Juris Doctor in 1989 from the University of Missouri. From 2012 to 2017, Judge Laurent served as an Immigration Judge at the Los Angeles Immigration Court. Before moving to the Los Angeles court, he served as an Immigration Judge in Lancaster, California, from 2008 to 2012. Prior to his appointment as an Immigration Judge, Judge Laurent served as a senior attorney for the Department of Homeland Security (DHS) representing the agency in matters involving national security, fugitive cases and other criminal immigration matters. Judge Laurent has also served as an assistant chief counsel for DHS and the former Immigration and Naturalization Service in Chicago and Los Angeles. Judge Laurent began his legal career as a judicial law clerk for the Honorable Edith L Messina of the 16th Judicial Circuit Court in Jackson County, Missouri, from 1989 to 1991. Judge Laurent is a member of the Missouri Bar.","[11, '2017']",Donald Trump,The Office of the Chief Immigration Judge (OCIJ)
26,Lisa Luis,"Lisa LuisAssistant Chief Immigration Judge
Lisa Luis was appointed as an Assistant Chief Immigration Judge, based in Houston, in March 2019. Judge Luis received a Bachelor of Science in 1990 from the University of Houston and a Juris Doctor in 1994 from the University of Houston Law Center. From 2010 to 2019, she served as an Immigration Judge at the House Service Processing Center. From 2008 to October 2010, she served as an assistant U.S. attorney for the Southern District of Texas, U.S. Attorney’s Office, Department of Justice. From 2003 to 2008, Judge Luis worked for the Department of Homeland Security, Immigration and Customs Enforcement, Office of the Chief Counsel, Houston, Texas, in various capacities, including assistant chief counsel, acting deputy chief counsel and senior attorney. From 1995 to 2003, she was an assistant district counsel for the former Immigration and Naturalization Service, Office of the District Counsel, in Houston. During that time she was appointed as a special assistant U.S. attorney for the DOJ, U.S. Attorney’s Office, Southern District of Texas, from 1999 to 2001. From 1994 to 1995, she served in the Attorney General’s Honors Program, DOJ, Executive Office for Immigration Review, Houston Immigration Court, as a judicial law clerk. Judge Luis is a member of the State Bar of Texas.","[3, '2019']",Donald Trump,The Office of the Chief Immigration Judge (OCIJ)
27,Daren K. Margolin,"Daren K. MargolinAssistant Chief Immigration Judge
Attorney General William P. Barr appointed Daren K. Margolin as an Assistant Chief Immigration Judge in June 2020. Judge Margolin earned a Bachelor of Arts in 1986 from the University of California, Irvine, a Juris Doctor in 1990 from New York Law School, and a Masters of Political Science/National Security Studies in 2010 from the Israeli National Defense College and Haifa University. From 1989 to 2016, he served in the U.S. Marine Corps as a defense attorney, prosecutor, appellate prosecutor, and military trial judge. He also served as the staff judge advocate (general counsel) for various Marine commands, including the 3d Marine Aircraft Wing, 3d Marine Logistics Group, 1st Marine Division, and I Marine Expeditionary Force. From August 2017 to June 2020, he served as an assistant chief counsel, Office of Chief Counsel, Office of the Principal Legal Advisor, Immigration and Customs Enforcement, Department of Homeland Security, in Adelanto, California. Judge Margolin is a member of the Hawaii State Bar, New Jersey State Bar, and New York State Bar..","[6, '2020']",Donald Trump,The Office of the Chief Immigration Judge (OCIJ)
28,H. Kevin Mart,"H. Kevin MartAssistant Chief Immigration Judge
H. Kevin Mart was appointed as an Assistant Chief Immigration Judge, based in Louisville, in November 2015. Judge Mart received a Bachelor of Arts in 1976 from the University of Dayton and a Juris Doctor in 1982 from Georgetown University Law Center. From October 2010 to November 2015, Judge Mart served as an Immigration Judge at the Miami Immigration Court. From 1995 to October 2010 Judge Mart worked in private practice in Miami and Orlando, Florida, specializing in immigration law. From 1992 to 1995, Judge Mart worked in private practice specializing in litigation in Cincinnati, Ohio, and the U.S. Virgin Islands, and in 1991 served as an assistant attorney general for the U.S. Virgin Islands. From 1982 to 1990, Judge Mart worked in private practice at Brown & Wood; and Fried, Frank, Harris, Shriver & Jacobson, in New York. Judge Mart is a member of the State Bar of California, New York State Bar, Ohio State Bar, and the U.S. Virgin Islands Bar.","[11, '2015']",Barack Obama,The Office of the Chief Immigration Judge (OCIJ)
29,Karen E. Mayberry,"Karen E. Mayberry was appointed as an Assistant Chief Immigration Judge, based in Arlington, in March 2020. Judge Mayberry earned a Bachelor of Arts in 1983 from Rutgers University and a Juris Doctor in 1986 from the Kansas University School of Law. From 1986 to 1987, she served as a tax attorney in Wichita, Kansas. From 1987 to 1989, she served as an assistant appellate defender in Topeka, Kansas. From 1990 to 2020, she served as judge advocate in the U.S. Air Force in the following locations: Charleston Air Force Base, Charleston, South Carolina; Bolling Air Force Base, District of Columbia (twice); The Pentagon, District of Columbia (twice); Randolph Air Force Base, San Antonio, Texas; HQ Stabilization Forces, Sarajevo, Bosnia and Herzegovina; Ramstein Air Base, Germany; Incirlik Air Base, Turkey; Keesler Air Force Base, Biloxi, Mississippi; Davis-Monthan Air Force Base, Tucson, Arizona; Joint Base Langley-Eustis, Newport News, Virginia; Office of the Chief Defense Counsel, Office of Military Commissions, Rosslyn, Virginia; and finally as a judge and chief judge of the Air Force Court of Criminal Appeals, Joint Base Andrews, Maryland. Judge Mayberry is a member of the Kansas State Bar and the State Bar of Texas.","[3, '2020']",Donald Trump,The Office of the Chief Immigration Judge (OCIJ)
30,James F. McCarthy III,"Assistant Chief Immigration Judge
Attorney General William Barr appointed James F. McCarthy III to begin supervisory immigration court duties and hearing cases in June 2019. He will oversee the Cleveland Immigration Court. Judge McCarthy earned a Bachelor of Arts in 1974 from Xavier University and a Juris Doctor in 1977 from the Ohio State University College of Law. From 1977 to 1981, he was an active duty judge advocate with the United State Navy at Commander Naval Surface Force, U.S. Atlantic Fleet and Naval Legal Service Office, Norfolk, Virginia. From 1981 to 1983, he was with the law firm of Smith & Schnacke. From 1983 to 1995, he was an assistant city solicitor and chief trial counsel for the city of Cincinnati. During that same time, he was a judge advocate for the United State Navy in the following locations: Washington Navy Yard, Naval Legal Service Office; Norfolk, Virginia, Naval Legal Service Office; Newport, Rhode Island, Office of the Judge Advocate; Naval Air Station Pensacola, Florida; Naval Air Station, Oceana, Virginia. From 1995 until 2019, he was a shareholder in the law firm of Katz, Teller, Brant & Hild. Judge McCarthy is a member of the Ohio Bar.","[6, '2019']",Donald Trump,The Office of the Chief Immigration Judge (OCIJ)
31,Jeffrey S. Miller,"Jeffrey S. Miller was appointed as an Assistant Chief Immigration Judge, based in Los Angeles, in April 2020. Judge Miller earned a Bachelor of Science in 1996 from Berry College and a Juris Doctor in 2006 from Florida Coastal School of Law. From 2018 to 2020, he served as an Immigration Judge at the Los Angeles Immigration Court. From 2010 to 2018, he served as an assistant U.S. attorney at the U.S. Attorney’s Office for the Southern District of Texas in Corpus Christi, Texas. From 2008 to 2010, as a member of the U.S. Coast Guard Judge Advocate General Corps, he served as a special assistant U.S. attorney at the U.S. Attorney’s Office for the Middle District of Florida in Tampa, Florida. From 2006 to 2008, he served as an assistant state attorney in Jacksonville, Florida. From 2005 to present, he has served in the U.S. Coast Guard Reserve. Judge Miller is a member of the Florida State Bar.","[4, '2020']",Donald Trump,The Office of the Chief Immigration Judge (OCIJ)
32,"Alfredia Owens
","Alfredia Owens was appointed as an Assistant Chief Immigration Judge, based in Atlanta, in March 2020. Judge Owens earned a Bachelor of Science in 1989 from the University of Arkansas at Little Rock and a Juris Doctor in 1994 from the University of Arkansas at Little Rock William H. Bowen School of Law. From 2007 to 2020, she served as chief counsel, Office of Chief Counsel (OCC), Office of the Principal Legal Advisor (OPLA), Immigration and Customs Enforcement (ICE), Department of Homeland Security (DHS), in Atlanta, for Georgia, North Carolina, and South Carolina. From 2006 to 2007, she served as deputy chief counsel, OCC, OPLA, ICE, DHS. From 2002 to 2005, she served as an assistant chief counsel, OCC, OPLA, ICE, DHS. From 1996 to 2001, she served as an assistant district attorney for the Tarrant County District Attorney’s Office. Judge Owens is a member of the State Bar of Texas.","[3, '2020']",Donald Trump,The Office of the Chief Immigration Judge (OCIJ)
33,Anne Kristina Perry,"Anne Kristina Perry was appointed as an Assistant Chief Immigration Judge, based in Imperial, in April 2020. Judge Perry earned a Bachelor of Arts in 1978 from the University of California, Los Angeles, and a Juris Doctor in 1981 from the Loyola Law School. From 2019 to 2020, she served as an Immigration Judge at the Imperial Immigration Court. From 2018 to 2019, she served as an Immigration Judge at the Los Angeles Immigration Court. From 1991 to 2018, she served as an assistant U.S. attorney at the U.S. Attorney’s Office for the Southern District of California in San Diego. From 1987 to 1991, she served as an assistant U.S. attorney at the U.S. Attorney’s Office for the District of Nevada. From 1983 to 1987, she was a deputy attorney general with the State of Nevada. From 1982 to 1983, she was a deputy district attorney in Clark County, Nevada. Judge Perry is a member of the Nevada State Bar and the State Bar of California. ","[4, '2020']",Donald Trump,The Office of the Chief Immigration Judge (OCIJ)
34,Rodin Rooyani,"Rodin RooyaniAssistant Chief Immigration Judge
Rodin Rooyani was appointed as an Assistant Chief Immigration Judge, based in Los Angeles, in January 2016. Judge Rooyani received a Bachelor of Arts in 1995 from George Mason University and a Juris Doctor in 1998 from the University of Maryland School of Law. From April 2009 to January 2016, she served as an Immigration Judge at the Los Angeles Immigration Court. From November 2004 to April 2009, Judge Rooyani served as an assistant U.S. attorney for the National Security Section, Criminal Division, U.S. Attorney’s Office for the Central District of California. From 1998 to 2004, she served as a trial attorney with the former Immigration and Naturalization Service and as an assistant chief counsel with the Department of Homeland Security entering on duty through the Attorney General’s Honors Program. Judge Rooyani is a member of the Maryland and California Bars.","[1, '2016']",Barack Obama,The Office of the Chief Immigration Judge (OCIJ)
35,Jose A. Sanchez,"Jose A. SanchezAssistant Chief Immigration Judge
Jose A. Sanchez was appointed as an Assistant Chief Immigration Judge, based in Boston, in February 2019. Judge Sanchez earned a Bachelor of Arts in 1984 from Fordham University at Lincoln Center and a Juris Doctor in 1987 from Northeastern University School of Law. From 1995 to 2017, he served as an associate justice of the trial court for the Trial Court of Massachusetts, in Lawrence, Massachusetts. From 1987 to 1995, he served as a trial attorney for the Committee for Public Counsel Services, in Cambridge, Massachusetts. From 1976 to 1981, he served as an air traffic controller for the FAA, in New York, New York. Judge Sanchez is a member of the Massachusetts State Bar.","[2, '2019']",Donald Trump,The Office of the Chief Immigration Judge (OCIJ)
36,Theresa M. Scala,"Theresa M. ScalaAssistant Chief Immigration Judge
Theresa M. Scala was appointed as an Assistant Chief Immigration Judge, based in Seattle, in November 2017. Judge Scala received a Bachelor of Science in 1986 from Ithaca College and a Juris Doctor in 1992 from Nova Southeastern University Law Center. From 2010 to 2017, Judge Scala served as an Immigration Judge at the Tacoma Immigration Court. From 1994 to 2010, she served as an assistant chief counsel and deputy chief counsel for the Department of Homeland Security, Immigration and Customs Enforcement, in Miami and Orlando, Florida. Judge Scala began her legal career with the Executive Office for Immigration Review in Miami, Florida, where she served as attorney advisor and judicial law clerk from 1992 to 1994. Judge Scala is a member of the Florida Bar.","[11, '2017']",Donald Trump,The Office of the Chief Immigration Judge (OCIJ)
37,Christopher R. Seppanen,"Christopher R. SeppanenAssistant Chief Immigration Judge
Christopher R. Seppanen was appointed as an Assistant Chief Immigration Judge, based in Detroit, in August 2019. Judge Seppanen earned a Bachelor of Arts in 1990 from Alma College and a Juris Doctor in 1993 from the University of Kentucky College of Law. From August 2017 to August 2019, he served as an Immigration Judge at the Cleveland Immigration Court. From 2002 to 2017, he worked for the State of Michigan in Lansing, Michigan, serving as a supervisory administrative law judge, 2002 to 2012; a deputy chief administrative law judge, 2012 to 2014; and a chief administrative law judge, 2014 to 2017. From 1997 to 2002, he served as an administrative law judge for the State of Michigan, in Manistee, Michigan. From 1996 to 1997, he served as a trial attorney for the Office of Public Advocacy, in Alpena, Michigan. Judge Seppanen is a member of the Michigan State Bar.","[8, '2019']",Donald Trump,The Office of the Chief Immigration Judge (OCIJ)
38,Vance H. Spath,"Vance H. Spath was appointed as an Assistant Chief Immigration Judge, based in Miami, in April 2020. Judge Spath earned a Bachelor of Arts in 1987 from Virginia Wesleyan University, a Juris Doctor in 1991 from Quinnipiac University, and a Master of Laws in 2001 from the Judge Advocate General’s Legal Center and School. From 2018 to 2020, he served as an Immigration Judge at the Arlington Immigration Court. From 1993 to 2018, he was an attorney and judge with the U.S. Air Force in the following locations: Joint Base Andrews, Maryland; Kadena Air Base, Japan; Travis Air Force Base, California; F.E. Warren Air Force Base, Wyoming; Bolling Air Force Base, Maryland; Shriever Air Force Base, Colorado; Randolph Air Force Base, Colorado; Wright-Patterson Air Force Base, Ohio; Randolph Air Force Base, Texas; and Ramstein Air Force Base, Germany. Judge Spath is a member of the New York State Bar.","[4, '2020']",Donald Trump,The Office of the Chief Immigration Judge (OCIJ)
39,Elisa M. Sukkar,"Elisa M. SukkarAssistant Chief Immigration Judge
Elisa M. Sukkar was appointed as an Assistant Chief Immigration Judge, based in Miami, in April 2008. Judge Sukkar received a Bachelor of Science in 1983 from Florida International University and a Juris Doctor in 1987 from Nova Law School. From March 1995 to April 2008, Judge Sukkar served as an Immigration Judge at the Miami Immigration Court. From 1987 to 1995, she was in private practice in Miami, specializing in immigration law. Judge Sukkar is a member of the Florida Bar.","[4, '2008']",George W. Bush,The Office of the Chief Immigration Judge (OCIJ)
40,Khalilah M. Taylor,"Khalilah M. Taylor was appointed as an Assistant Chief Immigration Judge, based in New York, in March 2020. Judge Taylor earned a Bachelor of Arts in 1998 from Temple University and a Juris Doctor in 2001 from Benjamin N. Cardozo School of Law. From 2016 to 2020, she served as an assistant chief counsel and deputy chief counsel, Office of Chief Counsel (OCC), Office of the Principal Legal Advisor (OPLA), Immigration and Customs Enforcement (ICE), Department of Homeland Security (DHS), in New York. From 2014 to 2016, she served as an associate counsel with the Refugee and Asylum Law Division, Office of the Chief Counsel, U.S. Citizenship and Immigration Services, DHS, in Rosedale, New York. From 2002 to 2014, she served as an assistant district counsel/assistant chief counsel, senior attorney, and deputy chief counsel, OCC, OPLA, ICE, DHS, in New York. From 2001 to 2002, she served as a judicial law clerk at the Newark Immigration Court, Executive Office for Immigration Review, Department of Justice. Judge Taylor is a member of the New York State Bar.","[3, '2020']",Donald Trump,The Office of the Chief Immigration Judge (OCIJ)
41,Daniel H. Weiss,"Daniel H. WeissAssistant Chief Immigration Judge
Daniel H. Weiss was appointed as an Assistant Chief Immigration Judge, based in Dallas, in August 2017. Judge Weiss earned a Bachelor of Arts in 1986 from the University of Pennsylvania and a Juris Doctor in 1990 from the University of Maryland School of Law. From 2016 to 2017, Judge Weiss served as an Immigration Judge at the Dallas Immigration Court. From 2010 to 2015, he served as a senior attorney in the Human Trafficking Prosecution Unit, Civil Rights Division (CRT), Department of Justice (DOJ). From 2005 to 2010, he served as a trial attorney, then deputy chief, in the Special Litigation Section, CRT, DOJ. From 1992 to 2000, he served as an assistant public defender for both the Appellate Division and Trial Division, Office of the Public Defender, State of Maryland. From 1991 to 1992, he served as an attorney for the Fidelity and Deposit Companies of Maryland, in Baltimore. From 1990 to 1991, he served as a judicial law clerk to the Honorable Ellen. L. Hollander, Circuit Court for Baltimore City. Judge Weiss is a member of the Maryland State Bar.","[8, '2017']",Donald Trump,The Office of the Chief Immigration Judge (OCIJ)
42,Ryan R. Wood,"Ryan R. WoodAssistant Chief Immigration Judge
Ryan R. Wood was appointed as an Assistant Chief Immigration Judge, based in Bloomington, in March 2019. Judge Wood earned a Bachelor of Arts in 2000 from Hamline University, a Juris Doctor in 2004 from the Hamline University School of Law, and a Master of Business Administration in 2015 from the Hamline University School of Business. From January 2005 to October 2009, he was a judge advocate with the U.S. Army Judge Advocate General Corps, serving in the 4th and 7th Infantry Divisions. From October 2009 through November 2014, he served as an assistant chief counsel for the Office of the Chief Counsel, Immigration and Customs Enforcement, Department of Homeland Security, in Fort Snelling, Minn. From November 2014 to April 2017, he served as a special assistant U.S. attorney in the U.S. Attorney’s Office, District of Minnesota, Department of Justice. From 2017 to 2019, he served as an Immigration Judge at the Bloomington Immigration Court. Judge Wood is a member of the Minnesota State Bar.","[3, '2019']",Donald Trump,The Office of the Chief Immigration Judge (OCIJ)
43,David H. Wetmore,"Attorney General William Barr appointed David H. Wetmore as the Chief Appellate Immigration Judge of the Board of Immigration Appeals in May 2020. Chief Judge Wetmore earned a Bachelor of Arts, magna cum laude, in 1997 from Miami University, Oxford, Ohio, and a Juris Doctor, with High Honors, in 2002 from The George Washington University Law School, Washington, DC. He joined the Department of Justice (DOJ) in 2009 as a career appellate litigator. From 2019 to May 2020, he served as Associate Deputy Attorney General, Office of the Deputy Attorney General (ODAG).  From 2018 to 2019, he served as Senior Counsel to the Deputy Attorney General in ODAG. From 2009 to 2018, Chief Judge Wetmore served as a Trial Attorney in the Civil Division, Office of Immigration Litigation’s (OIL) Appellate Section, DOJ. During his tenure at OIL, he also served a detail from 2017 to 2018 as an Immigration Advisor to the White House Domestic Policy Counsel. From 2005 to 2006, and again from 2007 to 2009, Chief Judge Wetmore was a litigation associate at Sidley Austin LLP. From 2006 to 2007, Chief Judge Wetmore was a law clerk to the Honorable Daniel A. Manion, U.S. Court of Appeals for the Seventh Circuit. From 2003 to 2005, Chief Judge Wetmore worked as a litigation associate at Jenner & Block LLP. From 2002 to 2003, Chief Judge Wetmore served as a law clerk to the Honorable Gordon J. Quist, U.S. District Court for the Western District of Michigan. Chief Judge Wetmore has served on an intermittent basis in 2006, 2008 through 2009, and 2010 through 2011, as an adjunct professor of law at The George Washington University Law School, where he taught legal writing and oral advocacy. Chief Judge Wetmore is a member of the District of Columbia Bar.","[5, '2020']",Donald Trump,The Board of Immigration Appeals (BIA)
44,Charles Adkins-Blanch,"Charles Adkins-BlanchDeputy Chief Appellate Immigration Judge 
Attorney General Eric Holder appointed Charles Adkins-Blanch as Deputy Chief Appellate Immigration Judge of the Board of Immigration Appeals in January 2013. Deputy Chief Judge Adkins-Blanch received a bachelor of arts degree in 1984 from Grinnell College and a juris doctorate in 1990 from the National Law Center, George Washington University. He served as a board member from 2008 until his appointment as Deputy Chief Judge. From 2004 to 2008, he served as an immigration judge at the Headquarters Immigration Court and, from 1995 to 2004, Deputy Chief Judge Adkins-Blanch served in EOIR’s Office of the General Counsel, as general counsel from 2000 to 2004, as acting general counsel from 1999 to 2000, and as an associate general counsel from 1995 to 1999. From 1990 to 1995, he worked for the Board as an attorney advisor entering on duty through the Attorney General’s Honors Program. From 1989 to 1990, he clerked in private practice with the firm of Maggio & Kattar, specializing in immigration and nationality law. Deputy Chief Judge Adkins-Blanch is a member of the District of Columbia and Virginia State Bars.","[1, '2013']",Barack Obama,The Board of Immigration Appeals (BIA)
45,Garry D. Malphrus,"Attorney General William P. Barr appointed Garry D. Malphrus as a deputy chief appellate immigration judge in September 2020. Judge Malphrus earned a Bachelor of Arts in 1989 from the University of South Carolina and a Juris Doctor in 1993 from the University of South Carolina. From August 2008 to September 2020, he served on the Board of Immigration Appeals, Executive Office for Immigration Review, including as acting Board Chairman from October 2019 to May 2020. From 2005 to 2008, he served as an immigration judge at the Arlington Immigration Court. From 2001 to 2005, he served as associate director of the White House Domestic Policy Council. From 1997 to 2001, he worked for the U.S. Senate Committee on the Judiciary, which included serving as chief counsel and staff director on the Subcommittee on Criminal Justice Oversight and the Subcommittee on the Constitution. From 1995 to 1997, Garry served as a law clerk for the Honorable Dennis W. Shedd, U.S. District Judge for the District of South Carolina. From 1994 to 1995, he was a law clerk for the Honorable William W. Wilkins of the U.S. Court of Appeals for the Fourth Circuit. From 1993 to 1994, he was a law clerk for the Honorable Larry R. Patterson, Circuit Judge for South Carolina. Judge Malphrus is a member of the South Carolina Bar.","[9, '2020']",Donald Trump,The Board of Immigration Appeals (BIA)
46,Michael P. Baird,"Attorney General William P. Barr appointed Michael P. Baird as an appellate immigration judge in August 2020. Judge Baird received a Bachelor of Business Administration in 1989 from Clayton State University and a Juris Doctorate in 1992 from Georgia State University College of Law. From 2009 to 2020, he served as an immigration judge first in Dallas, Texas and then later transferred to the Atlanta Immigration Court. From 2006 to 2009, he served as a senior assistant district attorney in the Appalachian Judicial Circuit, in Georgia. From 2004 to 2006, he served as a judge in the Municipal Court of Jonesboro, Georgia. From 1997 to 2004, he served as chief judge for the Magistrate Court of Clayton County, Georgia. From 1995 to 1996, he was in private practice. From 1993 to 1995, he served as senior assistant solicitor general at the Clayton County Solicitor’s Office. From 1992 to 1993, he was in private practice. From 1986 to 1990, he was a police officer. Judge Baird has taught as adjunct faculty at the Georgia State University College of Law, Clayton State University and the University of West Georgia. Judge Baird is a member of the State Bar of Georgia.","[8, '2020']",Donald Trump,The Board of Immigration Appeals (BIA)
47,William A. Cassidy,"Attorney General William Barr appointed William A. Cassidy in August 2019. Judge Cassidy received a Bachelor of Science in 1975 from Kenyon College and a Juris Doctorate in 1980 from John Marshall/Cleveland State University. From October 1993 to November 1996, Judge Cassidy served as an immigration judge in New York, and from November 1996 to August 2019, he served as an immigration judge in Atlanta. From 1992 to 1993, he was in private practice with Squire, Sanders & Dempsey, in Cleveland. From 1987 to 1992, he served as both general attorney and as director of training at the former Immigration and Naturalization Service. From 1986 to 1987, and previously from 1981 to 1984, he served as an assistant county prosecutor for the Civil/Criminal Division with Cuyahoga County, Ohio. From 1984 to 1986, he served as law director/prosecutor with the City of North Ridgeville, Ohio. Judge Cassidy is a member of the Ohio Bar.","[8, '2019']",Donald Trump,The Board of Immigration Appeals (BIA)
48,V. Stuart Couch,"Attorney General William Barr appointed V. Stuart Couch in August 2019. Judge Couch received a Bachelor of Arts in political science in 1987 from Duke University, a Juris Doctor in 1996 from Campbell University, and a Master of Laws in litigation and dispute resolution in 2008 from The George Washington University. From October 2010 to August 2019, Judge Couch served as an immigration judge in Charlotte, North Carolina. From 2009 to October 2010, he was in private practice in Charlotte, North Carolina. From 2006 to 2009, Judge Couch served as a senior appellate judge on the U.S. Navy-Marine Corps Court of Criminal Appeals in the District of Columbia. From 2003 to 2006, he was assigned to the Department of Defense, Office of Military Commissions as a senior prosecutor for select detainees held at Guantánamo Bay, Cuba. From 2001 to 2003, he served as the chief trial counsel and military justice officer for Camp Lejeune, North Carolina. From 1999 to 2001, Judge Couch was in private practice and served as an assistant district attorney in Beaufort and New Bern, North Carolina. From 1996 to 1999, he served as the chief trial counsel and a special assistant U.S. attorney at Marine Corps Air Station, Cherry Point, North Carolina. Before attending law school, Judge Couch served as a KC-130 pilot with Marine Aerial Refueler Transport Squadron 252 (VMGR-252) at Marine Corps Air Station Cherry Point from 1989 to 1993. Judge Couch is a member of the North Carolina State Bar.","[8, '2019']",Donald Trump,The Board of Immigration Appeals (BIA)
49,Michael J. Creppy,"Michael J. Creppy
Attorney General Eric Holder appointed Michael J. Creppy in February 2011. Judge Creppy received a bachelor of arts degree in 1975 from Fisk University, a juris doctorate in 1978 from Howard University School of Law and a masters of law degree in 1979 from Georgetown University Law Center. From April 2006 to February 2011, he served as EOIR’s chief administrative hearing officer. From May 1994 to April 2006, he served as chief immigration judge, overseeing the numerous immigration courts around the country. Prior to joining EOIR, Judge Creppy worked for the former Immigration and Naturalization Service (INS) in various capacities: from 1988 to 1994, in the Office of the General Counsel as deputy general counsel for litigation; from 1986 to 1988, as an associate general counsel primarily focusing on the employer sanctions and anti-discrimination provisions of the Immigration and Nationality Act; and from 1984 to 1986, as chief legal officer for the INS district office in Los Angeles. From 1983 to 1984, he served as a trial attorney with the Office of Immigration Litigation, Civil Dvision, Department of Justice. From 1981 to 1983, Judge Creppy was a trial attorney for the former INS district office in New York. From 1979 to 1981 he served as a judicial law clerk for the Superior Court for the District of Columbia. Judge Creppy is a member of the District of Columbia Bar.","[2, '2011']",Barack Obama,The Board of Immigration Appeals (BIA)
50,Deborah K. Goodwin,"Attorney General William Barr appointed Deborah K. Goodwin in August 2019. Judge Goodwin earned a Bachelor of Arts in 1986 from Wilson College and a Juris Doctor in 2000 from the State University of New York at Buffalo School of Law. From February 2017 to August 2019, Judge Goodwin served as an immigration judge in Miami. From 2015 to January 2017, she served as an associate legal advisor for the District Court Litigation Division, Immigration and Customs Enforcement (ICE), Department of Homeland Security (DHS), in the District of Columbia. From 2007 through 2015, she served as an associate counsel for U.S. Citizenship and Immigration Services, DHS, in San Francisco. From 2002 through 2007, she served as an assistant chief counsel for ICE, DHS, and former Immigration and Naturalization Service, in San Francisco. Judge Goodwin is a member of the Florida Bar.","[8, '2019']",Donald Trump,The Board of Immigration Appeals (BIA)
51,Stephanie E. Gorman,"Attorney General William Barr appointed Stephanie E. Gorman in August 2019. Judge Gorman earned a Bachelor of Science in 1996 from California State University Sacramento, a Juris Doctor in 2002 from the Thomas Jefferson School of Law, and a Master of Laws in 2005 from the University of San Diego School of Law. From February 2017 to August 2019, Judge Gorman served as an immigration judge in Houston. From 2014 to January 2017, she served as an attorney and legal instructor at the Federal Law Enforcement Training Center in Glynco, Georgia, for the Office of the Chief Counsel, Customs and Border Protection, Department of Homeland Security (DHS). From 2008 through 2014, she served as an assistant chief counsel for the Office of the Principal Legal Advisor, Immigration and Customs Enforcement, DHS. From 2009 through 2012, she also served as a special assistant U.S. attorney for the U.S. Attorney’s Office, Middle District of Florida, Department of Justice (DOJ), in Orlando, Florida. From 2007 through 2008, she served as a judicial law clerk for the Honorable M. James Lorenz, U.S. District Court for the Southern District of California, in San Diego. From March 2007 to September 2007, she served as a judicial law clerk for the Honorable Roger T. Benitez, U.S. District Court for the Southern District of California, in San Diego. From 2006 through 2007, she served as an assistant state attorney for the 12th Judicial Circuit, in Sarasota, Fla. From 2003 through 2006, she served in various capacities on the faculty of the Thomas Jefferson School of Law, including as visiting assistant professor of law and senior legal writing instructor and adjunct professor. From 2002 through 2004, she served as an associate attorney for the Law Office of Matthew P. Rocco, in Carlsbad, California. Judge Gorman is a member of the State Bar of California and the Florida Bar.","[8, '2019']",Donald Trump,The Board of Immigration Appeals (BIA)
52,Edward R. Grant,"Edward R. Grant
Attorney General Janet Reno appointed Edward R. Grant in January 1998. Judge Grant received a bachelor of arts degree in 1979 from Georgetown University and a juris doctorate in 1982 from Northwestern University School of Law. From 1995 to 1998, he served as counsel in the U.S. House of Representatives, Committee on the Judiciary, Subcommittee on Immigration and Claims. From 1992 to 1995, he served as a deputy associate general counsel, Refugee and Asylum Law Division, and as legislative counsel for INS. From 1987 to 1990, Judge Grant worked for the Chicago law firm of Hinshaw & Culbertson, and from 1982 to 1984 with the Philadelphia law firm of Drinker Biddle & Reath. From 1984 to 1987, Judge Grant served as executive director and general counsel of Americans United for Life in Chicago. Judge Grant is a member of the Illinois State and Commonwealth of Pennsylvania Bars.","[1, '1998']",Bill Clinton,The Board of Immigration Appeals (BIA)
53,Anne J. Greer,"Anne J. Greer
Attorney General Michael Mukasey appointed Anne J. Greer in August 2008. Judge Greer received a bachelor of arts degree in 1980 from Allegheny College, Meadville, Pa., and a juris doctorate in 1992 from George Mason University School of Law, Arlington, Va. From 2003 to 2008, she served as an assistant chief immigration judge. From 1992 to 2003, she worked as a senior panel attorney, supervisory attorney advisor, and attorney advisor for the BIA. From 1989 to 1992, Judge Greer was a law clerk at the U.S. Department of Commerce, Office of the Chief Administrative Law Judge, in Washington, D.C. She has been an adjunct professor of law at George Mason University School of Law since 1996. Judge Greer is a member of the District of Columbia and Commonwealth of Virginia Bars.","[8, '2008']",George W. Bush,The Board of Immigration Appeals (BIA)
54,Keith E. Hunsucker,"Attorney General William Barr appointed Keith E. Hunsucker in August 2019. Judge Hunsucker received a Bachelor of Arts in 1984 from the University of Akron and a Juris Doctorate in 1987 from the University of Akron School of Law. From August 2010 to September 2017, Judge Hunsucker served as an immigration judge in Port Isabel, Texas. From September 2017 to August 2019, Judge Hunsucker served as an immigration judge in Cleveland. From 2000 to August 2010, he worked as a senior instructor for the Federal Law Enforcement Training Center, Legal Division, Department of Homeland Security, in Glynco, Georgia. From 1992 to 2000, he worked as an attorney for the former Immigration and Naturalization Service (INS), in Atlanta. From 1989 to 1992, he was an attorney for the former INS in Harlingen, Texas. From April 1989 to September 1989, Judge Hunsucker was a law clerk for the Ohio Court of Appeals, 9th Judicial District. From 1988 to 1989, he was in private practice. From 1987 to 1988, Judge Hunsucker worked as an INS attorney in the Attorney General’s Honors Program, in San Francisco. Judge Hunsucker is a member of the Ohio State and District of Columbia Bars.","[8, '2019']",Donald Trump,The Board of Immigration Appeals (BIA)
55,Edward F. Kelly,"Edward F. Kelly
Attorney General Loretta E. Lynch appointed Judge Kelly to begin hearing cases in January 2017. Judge Kelly received a Bachelor of Arts degree in 1982 and a Juris Doctor in 1987, both from the University of Notre Dame. From March 2013 to January 2017, Judge Kelly served as deputy chief immigration judge for the Office of the Chief Immigration Judge (OCIJ). From May 2015 to January 2016, he served as assistant director (acting) for the Office of Administration, Executive Office for Immigration Review (EOIR). From March 2011 to March 2013, he served as an assistant chief immigration judge. From November 2007 to March 2011, Judge Kelly served as senior counsel, chief of staff, and counsel for operations for the OCIJ, EOIR. From 1998 to 2007, he was a senior legal advisor for the Board of Immigration Appeals (BIA), EOIR. From 1995 to 1998, he served as a supervisory attorney and team leader for the BIA. From 1989 to 1993, and again from 1994 to 1995, Judge Kelly was an attorney advisor for the BIA. From 1987 to 1989, he served as an assistant counsel, Subcommittee on Immigration, Refugees and International Law, U.S. House of Representatives, Washington, D.C. From 1982 to 1984, he served in the U.S. Peace Corps in Gabon, Africa. Judge Kelly is a member of the Virginia State Bar.","[1, '2017']",Barack Obama,The Board of Immigration Appeals (BIA)
56,Ellen Liebowitz,"Ellen Liebowitz
Attorney General Loretta E. Lynch appointed Judge Liebowitz to begin hearing cases in February 2016. Judge Liebowitz received a Bachelor of Arts degree in 1987 from the University of Delaware and a Juris Doctor in 1990 from the University of Maryland. From 2008 to January 2016, Judge Liebowitz served as a senior legal advisor to the chairman, Board of Immigration Appeals (BIA). From 2007 to 2008, she was a senior counsel to the chairman, BIA, and from 1991 to 2007, as an attorney advisor for the BIA. Prior to joining the board, she clerked for the Circuit Court for Harford County, Maryland. Judge Liebowitz is a member of the Maryland Bar.","[2, '2016']",Donald Trump,The Board of Immigration Appeals (BIA)
57,Sunita B. Mahtabfar,"Sunita B. Mahtabfar
Attorney General William P. Barr appointed Sunita B. Mahtabfar as an appellate immigration judge in August 2020. Judge Mahtabfar earned a Bachelor of Arts in 1994 from the University of Texas at Austin and a Juris Doctorate in 1998 from Thurgood Marshall School of Law. From 2013 to 2020, she served as an immigration judge in the El Paso Immigration Court. From 2006 to 2013, she served as an attorney in the Office of the Assistant Chief Counsel, U.S. Customs and Border Protection, Department of Homeland Security (DHS), in El Paso, Texas. From 2003 to 2006, she served as an asylum officer, U.S. Citizenship and Immigration Services, DHS, in Houston. Judge Mahtabfar is a member of the State Bar of Texas.","[8, '2020']",Barack Obama,The Board of Immigration Appeals (BIA)
58,Ana Landazabal Mann,"Ana Landazabal Mann
Attorney General Eric Holder appointed Ana Landazabal Mann in November 2011. Judge. Mann received a bachelor of arts degree from Rutgers University in 1982 and a juris doctorate from George Washington University in 1985. From 1996 to November 2011, Judge Mann served as a senior legal advisor to the Chairman of the BIA, during which time she also served as a temporary board member. From 1986 to 1996, Judge Mann was an attorney advisor for the BIA. Judge Mann joined DOJ through the Attorney General’s Honors Program when she clerked at the Drug Enforcement Administration from 1985 until 1986. Judge Mann is a member of the New Jersey State Bar.","[11, '2011']",Donald Trump,The Board of Immigration Appeals (BIA)
59,Philip J. Montante Jr.,"Attorney General William Barr appointed Philip J. Montante, Jr. in April 2020.
Judge Montante comes to the Board of Immigration Appeals after serving as an immigration judge since 1990, when he was initially appointed by former Attorney General Richard L. Thornburgh. He received a Bachelor of Business Administration in 1966 from Drake College, a Master of Education in 1967 from Florida Atlantic University, and a Doctor of Jurisprudence in 1971 from Samford University. From March 2019 to April 2020, he served as an assistant chief immigration judge, based in Buffalo, New York. From March 2018 to March 2019, he was an immigration judge in Buffalo and Batavia; from July 2016 to March 2018, an immigration judge in Orlando; from August 1997 to July 2016, an immigration judge in Buffalo; and from April 1990 to August 1997, an immigration judge in Miami. From 1975 to 1990, Judge Montante was in private practice. During this time, in 1989, Judge Montante was certified by the Chief Justice of the Florida Supreme Court as a circuit court mediator. From 1975 to 1976, he served as a special assistant attorney general and in 1976, was appointed as a chief municipal court judge in Broward County, Florida. From 1971 to 1975, he held various positions in the state attorney’s office for the 17th judicial circuit of Florida, including prosecutor, chief assistant state attorney, and assistant state attorney. From 1975-1979, Judge Montante was appointed by the Governor of the State of Florida to a four-year term as a member of the Judicial Nominating Commission, first as secretary and then as Chairman. From 1983-1985, he was Chairman of the Florida Bar Grievance Committee 17 (C) 1983. He is currently serving as a Member of the President’s Commission on White House Fellowships (2018 to present) and likewise was a member of the President’s Commission from 2001 to 2007, which is a part of the Executive Office of the President. Judge Montante is a member of the District of Columbia Bar, Florida Bar, and New York State Bar.","[4, '2020']",Barack Obama,The Board of Immigration Appeals (BIA)
60,Hugh Mullane,"Hugh Mullane
Attorney General Michael B. Mukasey appointed Hugh Mullane in August 2008.  Judge Mullane received a bachelor of business administration degree in 1989 from Siena College and a juris doctorate in 1993 from Georgetown University Law Center.  From 2005 to 2008, he served as special counsel, Office of Legal Policy, Department of Justice (DOJ).  From 2004 to 2005, he worked as the Director of Immigration Security for the Homeland Security Council at the White House. From 1995 to 2004, he served as a senior litigation counsel, Civil Division, DOJ.  From 1994 to 1995, Judge Mullane was an attorney with the Federal Trade Commission.  From 1993 to 1994, he was a law clerk for the Honorable David G. Larimer, U.S. District Judge for the Western District of New York.  Judge Mullane is a member of the District of Columbia and New York State Bars.","[8, '2008']",Donald Trump,The Board of Immigration Appeals (BIA)
61,Blair O'Connor,"Attorney General Loretta E. Lynch appointed Judge O’Connor to begin hearing cases in February 2016.  Judge O’Connor received a Bachelor of Business Administration degree in 1992 from the University of Notre Dame and a Juris Doctor in 1995 from the Valparaiso University School of Law.  From 2002 to 2016, he served as an assistant director, senior litigation counsel, and trial attorney at the Office of Immigration Litigation, Civil Division, Department of Justice.  From 1996 to 2002, he served on active duty in various capacities in the Army’s Judge Advocate General Corps including as legal assistance and claims attorney, prosecutor, appellate defense attorney, and as a law clerk to the U.S. Army Court of Criminal Appeals.  Judge O’Connor is a member of the Illinois Bar.","[2, '2016']",George W. Bush,The Board of Immigration Appeals (BIA)
62,Sirce E. Owen,"Attorney General William P. Barr appointed Sirce E. Owen as an appellate immigration judge in August 2020. Judge Owen earned a Bachelor of Science in 1996 from Johns Hopkins University, a Master of Business Administration in 2002 from Georgia State University, and a Juris Doctor in 2005 from Georgia State University. From 2018 to 2020, she served as an assistant chief immigration judge, based in Atlanta. From June 2019 to January 2020, she served as acting deputy director of EOIR. From 2016 to 2018, she served as deputy chief counsel, Office of Chief Counsel, Office of the Principal Legal Advisor, Immigration and Customs Enforcement (ICE), Department of Homeland Security (DHS), in Atlanta. From 2008 to 2016, she served as assistant chief counsel, ICE, DHS, in Atlanta. From 2005 to 2008, she was an associate attorney with Mozley, Finlayson & Loggins LLP, in Atlanta. Judge Owen is a member of the State Bar of Georgia.","[8, '2020']",Barack Obama,The Board of Immigration Appeals (BIA)
63,Aaron R. Petty,"Attorney General William Barr appointed Aaron R. Petty in April 2020.  Judge Petty comes to the Board of Immigration Appeals from the Civil Division, Department of Justice where he has served since October 2009. He received a Bachelor of Arts in 2004 from Northwestern University, a Juris Doctor in 2007 from the University of Michigan Law School, a Master of Studies in 2012 from the University of Cambridge, and a Doctor of Philosophy in 2016 from Leiden University. From October 2015 to April 2020, he served as counsel for national security and senior counsel for national security, District Court Section, Office of Immigration Litigation (OIL), Civil Division, Department of Justice (DOJ). From October 2009 to October 2015, he served as a trial attorney and counsel for national security, Appellate Section, OIL, DOJ. From 2007 to 2009, he worked as a law clerk for the U.S. Court of Appeals for the Seventh Circuit. He also serves as an officer in the U.S. Air Force Reserve. Judge Petty is a member of the District of Columbia Bar and Illinois State Bar.","[4, '2020']",Donald Trump,The Board of Immigration Appeals (BIA)
64,Kevin W. Riley,"Attorney General William Barr appointed Kevin W. Riley in April 2020.  Judge Riley comes to the Board of Immigration Appeals after serving as an immigration judge since 2009, when he was initially appointed by former Attorney General Eric Holder. He received a Bachelor of Arts in 1992 from the University of Oregon, a Juris Doctor in 1995 from UCLA School of Law, and a Master of Business Administration in 2005 from California State University, Northridge. From November 2009 to May 2020, he served as an immigration judge in Los Angeles. From 2004 to November 2009, he served as deputy chief counsel, Office of Chief Counsel, Office of the Principal Legal Advisor, Immigration and Customs Enforcement, Department of Homeland Security, in Los Angeles. From 2003 to 2004, he served as an assistant chief counsel in the same office. From 1995 to 2003, he served as an assistant district counsel with the former Immigration and Naturalization Service in Los Angeles. From May to August 1994, he worked as a law clerk at the U.S. Attorney’s Office for the District of Nevada. Judge Riley is a member of the State Bar of California.","[4, '2020']",Donald Trump,The Board of Immigration Appeals (BIA)
65,Earle B. Wilson,"Attorney General William Barr appointed Earle B. Wilson in August 2019. Judge Wilson received a Bachelor of Science in 1979 from Atlantic Union College and a Juris Doctorate in 1989 from Howard University School of Law. From October 2005 to July 2007, Judge Wilson served as an immigration judge in Miami; from July 2007 to April 2010, he served as an immigration judge in Orlando, Florida; and from April 2010 to August 2019, he served as an immigration judge in Atlanta. From 1998 to 2004, he served as a senior litigation counsel and trial attorney with the Office of Immigration Litigation, Department of Justice, in the District of Columbia. From 1996 to 1998, he served as an assistant U.S. attorney with the U.S. Attorney’s Office in Maryland. From 1992 to 1996, he served as senior counsel at the Securities and Exchange Commission in the District of Columbia. From 1990 to 1992, he was an associate attorney with the law firm of Honigman, Miller, Schwartz and Cohn, in Detroit. From 1989 to 1990, he served as law clerk to the Honorable Joseph W. Hatchett of the U.S. Court of Appeals for the 11th Circuit in Tallahassee, Florida. Judge Wilson is a member of the Maryland State Bar.","[8, '2019']",Donald Trump,The Board of Immigration Appeals (BIA)
66,Teresa L. Donovan,"Teresa L. Donovan
Attorney General William Barr appointed Teresa L. Donovan as a temporary Judge in February 2020. Judge Donovan received a Bachelor of Science in 1977 from the Washington State University, a Juris Doctor in 1980 from Gonzaga University School of Law, and a Master of Laws in 1981 from Boston University School of Law. She previously served as a temporary board member, Board of Immigration Appeals, Executive Office for Immigration Review (EOIR), from 2011 to 2015, and from 2018 to 2019. Since 2016, she has served as a senior legal advisor at the Board of Immigration Appeals, EOIR. Judge Donovan arrived at the Board of Immigration Appeals, EOIR, as an attorney advisor in 1998, following eight years in private practice. Judge Donovan is a member of the District of Columbia Bar, Virginia State Bar, and Washington State Bar.","[2, '2020']",Donald Trump,The Board of Immigration Appeals (BIA)
67,Megan Foote Monsky ,"Attorney General William Barr appointed Megan Foote Monsky as a temporary Judge in April 2020. Judge Foote Monsky earned a Bachelor of Arts and Bachelor of Science in 1999 from Furman University and a Juris Doctor in 2002 from Vermont Law School. Since November 2014, she has served as a supervisory attorney advisor at the Board of Immigration Appeals (BIA). During this time, from January to July 2017, she served as a temporary immigration judge. Judge Foote Monsky joined the BIA as an attorney advisor in September 2002, entering on duty through the Attorney General’s Honors Program. Judge Foote Monsky is a member of the South Carolina Bar.","[4, '2020']",Donald Trump,The Board of Immigration Appeals (BIA)
68,Joan B. Geller,"Attorney General William P. Barr appointed Joan B. Geller as a temporary appellate immigration judge in September 2020. Judge Geller earned a Bachelor of Arts in 1990 from the University of Wisconsin-Madison and a Juris Doctor in 1994 from Georgetown University. From 2003 to 2020, she served as an attorney advisor, Board of Immigration Appeals, Executive Office for Immigration Review. From 2015 to 2016 and 2018 to 2019, she served as a temporary appellate immigration judge. From 1994 to 2003, she served for the District of Columbia Court of Appeals, both as a staff attorney and then as a deputy staff counsel. Judge Geller is a member of the District of Columbia Bar and Maryland State Bar.","[9, '2020']",Donald Trump,The Board of Immigration Appeals (BIA)
69,Marcos Gemoets,"Marcos Gemoets
Attorney General William Barr appointed Marcos Gemoets as a temporary Judge in February 2020. Judge Gemoets earned a Bachelor of Science in 1999 from Georgetown University, School of Foreign Service, and a Juris Doctor in 2002 from St. Mary’s School of Law. From August 2017 to January 2020, Judge Gemoets served as an immigration judge at the Houston Immigration Court. From 2011 to 2017, he served as an attorney at the Law Office of Marcos Gemoets PC, in Houston. From 2007 to 2011, he served as a senior attorney at AzulaySeiden Law Group, in Chicago. From 2006 to 2007, he served as a senior policy analyst for the U.S. Conference of Catholic Bishops, in the District of Columbia. From 2003 to 2006, he served as an attorney, then director of immigration services, for the Catholic Charities, Archdiocese of San Antonio. In 2003, he served as an attorney at the Law Office of Joseph B. DeMott & Associates, also in San Antonio. Judge Gemoets is a member of the Texas State Bar.","[2, '2020']",Donald Trump,The Board of Immigration Appeals (BIA)
70,Daniel A. Morris,"Daniel A. Morris
Attorney General William Barr appointed Daniel A. Morris as a temporary Judge in February 2020. Judge Morris received a Bachelor of Science in 1976 from the University of Nebraska Omaha, a Juris Doctor in 1981 from Creighton University School of Law, and a Master of Business Administration in 1981 from Creighton University Graduate School. From April 2009 to January 2020, Judge Morris served as an immigration judge at the Omaha Immigration Court, and most recently, at the Hartford Immigration Court. He previously served as a temporary board member, Board of Immigration Appeals, Executive Office for Immigration Review, from 2018 to 2019. From October 2005 to April 2009, he served as an assistant chief counsel, U.S. Immigration and Customs Enforcement, Department of Homeland Security, in Omaha. From April 2002 to October 2005, Judge Morris was in private practice in Omaha. From 1987 to 2002, he served as an assistant U.S. Attorney, also in Omaha. From 1981 to 1987, he served as senior corporate counsel for Mutual of Omaha Insurance Companies. Judge Morris is a member of the Nebraska State Bar.","[2, '2020']",Donald Trump,The Board of Immigration Appeals (BIA)
71,Mark Noferi,"
Attorney General William P. Barr appointed Mark Noferi as a temporary appellate immigration judge in September 2020. Judge Noferi earned a Bachelor of Arts in 1996 from Boston College and a Juris Doctor in 2005 from Stanford Law School. From March 2020 to September 2020, he served as a senior legal advisor, Board of Immigration Appeals, Executive Office for Immigration Review, and from March 2019 to March 2020, he served as a temporary appellate immigration judge. From 2017 to March 2019, he served as a senior counsel for immigration, Office of the General Counsel, Executive Office for Immigration Review. From 2015 to 2017, he served as an attorney advisor for the Immigration Law Division, Office of the General Counsel, Department of Homeland Security. From 2014 to 2015, he served as an enforcement fellow for the American Immigration Council. From 2013 to 2014, he served as the visiting associate fellow at the Center for Migration Studies. From 2010 to 2013, he served as an instructor of legal writing at the Brooklyn Law School. From 2009 to 2010, he served as a public interest fellow at the Seton Hall Law School Center for Social Justice. From 2007 to 2009, he was in private practice with Dewey and LeBoeuf LLP. From 2006 to 2007, he served as a clerk for the Honorable Harold Baer Jr., U.S. District Judge for the Southern District of New York. From 2006 to 2007, he was in private practice with LeBoeuf, Lamb, Greene & MacRae LLP. Judge Noferi is a member of the New York State Bar and the Massachusetts State Bar.","[9, '2020']",Donald Trump,The Board of Immigration Appeals (BIA)
72,S. Kathleen Pepper ,"Attorney General William Barr appointed S. Kathleen Pepper as a temporary Judge in April 2020. Judge Pepper earned a Bachelor of Arts in 1981 from the College of William and Mary, a Master of Business Administration in 1986 from the College of William and Mary, and a Juris Doctor in 1991 from the Marshall-Wythe School of Law, College of William and Mary. Since October 1992, she has served as an attorney advisor, Board of Immigration Appeals, Executive Office for Immigration Review (EOIR) and, since January 2008, has worked in that capacity as the federal court remand coordinator. From January to July 2017, she served as a temporary immigration judge. From April to December 2007, she served on detail as a legislative counsel at the Senate Judiciary Committee. From April 2003 to January 2004, she served on detail as a special assistant U.S. attorney for the Department of Justice, U.S. Attorney’s Office, Eastern District of Virginia, Civil Division. From September 1991 to October 1992, Judge Pepper worked as a judicial law clerk at the Arlington and Phoenix immigration courts, entering on duty through the Attorney General’s Honors Program. Judge Pepper is a member of the Virginia State Bar.","[4, '2020']",Donald Trump,The Board of Immigration Appeals (BIA)
